a,b,relationship
武汉斗鱼网络科技有限公司,压力测试方法、装置及电子设备,开发
武汉斗鱼网络科技有限公司,一种弹幕延迟加载方法及装置,开发
武汉协和齿环有限公司,热锻造送料电动关节机械手,开发
法雷奥照明湖北技术中心有限公司,光学偏转装置以及照明和/或信号指示装置,开发
武汉市炫能清洁能源科技有限公司,一种实现车身高度调节的悬架系统,开发
武汉依迅北斗空间技术有限公司,一种洒水车的调度系统和调度方法,开发
中车长江车辆有限公司,一种轨道车辆的枕梁组装方法及枕梁,开发
东风汽车有限公司,一种汽车监控影像生成方法及系统,开发
武汉协和齿环有限公司,一种具有限位功能的贴碳工装,开发
中交第二航务工程局有限公司,弧形预埋套管辅助定位装置及方法,开发
武汉华工激光工程有限责任公司,一种用于透明材料三维轮廓加工的方法,开发
东风汽车集团有限公司,连续可变气门升程机构的间隙调节装置及调节方法,开发
东风富士汤姆森调温器有限公司,商用车配缓速器用流量调节阀,开发
武汉欣远拓尔科技有限公司,一种镍-铁-磷合金镀层的镀液及其配制方法和施镀方法,开发
武汉菱电汽车电控系统股份有限公司,汽车点火线圈性能检测装置及其方法,开发
武汉斗鱼网络科技有限公司,重力感应与手动控制相结合的屏幕旋转控制方法及系统,开发
东风富士汤姆森调温器有限公司,一种通过冷却介质控制变速箱油温的温控装置,开发
东风汽车集团有限公司,一种具有电池热管理系统的电动汽车机舱布置结构,开发
武汉中原电子集团有限公司,一种柔性智能充电站及充电方法,开发
武汉洛特福动力技术有限公司,一种用于内燃机尾气处理装置中的喷嘴结构,开发
武汉中海庭数据技术有限公司,一种高精度地图车道横向拓扑关系的构建方法、系统及存储器,开发
东风汽车有限公司,座椅滑轨调节装置和座椅,开发
武汉齐达康环保科技股份有限公司,一种自循环气液混输增压装置及方法,开发
东风亚普汽车部件有限公司,汽车燃油箱油泵安装轴向力测试装置,开发
东风汽车集团有限公司,一种坡度自适应柴油发动机供油系统,开发
东风汽车集团有限公司,一种PHEV和HEV车型的燃油箱内部压力降低方法和汽车,开发
武汉斗鱼网络科技有限公司,IOS系统测试时实现系统设置内切换服务器的方法及装置,开发
武汉华工激光工程有限责任公司,一种激光无序毛化轧辊表面的加工方法和加工设备,开发
武汉海达数云技术有限公司,三维激光扫描仪的金属三棱镜、安装轴和三维激光扫描仪,开发
东风汽车集团有限公司,电动手机支架，汽车仪表板及汽车,开发
湖北开特汽车电子电器系统股份有限公司,空调箱体风门机械传动扭矩及极限位置的测量方法及系统,开发
武汉东焊汽车装备有限公司,一种汽车车门铰链衬套销轴压入设备,开发
东风汽车集团有限公司,ABS磁极固定装置及总成以及集成ABS磁极固定装置的轮毂电机,开发
武汉华工激光工程有限责任公司,用于旋切打孔的光学装置,开发
中铁十一局集团有限公司,大体积混凝土内部温度测量系统及方法,开发
武汉飞恩微电子有限公司,基于压力检测的液位传感器,开发
武汉斗鱼网络科技有限公司,一种内存泄漏的检测方法和装置,开发
武汉斗鱼网络科技有限公司,基于时间轮盘和页面心跳的活跃用户集维护方法及系统,开发
武汉洪山电工科技有限公司,一种励磁功率柜的冷却系统,开发
武汉依迅北斗空间技术有限公司,一种车辆轨迹异常检测方法及系统,开发
东风汽车集团有限公司,一种kit料车旋转随行移载系统,开发
武汉朗德电气有限公司,一种高压电缆泄漏电流监测装置,开发
中车长江车辆有限公司,一种集装箱铝制T地板翻面焊接装置和方法,开发
法雷奥照明湖北技术中心有限公司,旋转式光束图案调整装置及照明和/或信号指示设备,开发
神龙汽车有限公司,机罩在白车身上的检测装置及检测方法,开发
武汉市汉福专用车有限公司,一种井盖修复车及自动铣刨系统,开发
武汉斗鱼网络科技有限公司,一种人脸关键点追踪方法及应用和装置,开发
中贝通信集团股份有限公司,一种用于无线信号接收器的装放机构,开发
武汉元生创新科技有限公司,一种姿态航向参考系统,开发
武汉华中数控股份有限公司,一种永磁同步直线电机的直线运动机构,开发
武汉瑞松北斗汽车装备有限公司,用于多车型无源台车的双向无极支撑机构,开发
武汉宝钢华中贸易有限公司,汽车板材开卷落料工艺,开发
东风汽车有限公司,曲轴在线自动测量仪,开发
武汉欧拓莫科技有限公司,一种用于汽车电机控制安全输入的方法,开发
武汉光发科技有限公司,一种视频图像帧内编码单元纹理分析及编码单元选择方法,开发
中车长江车辆有限公司,一种集装箱铝型材地板自动切割工装,开发
武汉北方能源股份有限公司,一种立体车库的交流充电桩控制系统,开发
武汉凡谷电子技术股份有限公司,TDD同步开关的实现方法及装置,开发
中车长江车辆有限公司,一种转向架及物流运输车,开发
东风汽车集团有限公司,一种用于可变压缩比发动机的润滑系统,开发
武汉钢铁江北集团有限公司,一种抗拉强度≥1000 MPa捆带的生产方法,开发
神龙汽车有限公司,用于白车身扭转试验的高强度可调约束装置,开发
武汉建海精密型材发展有限公司,微型槽类导轨双侧面摆冲的模具结构,开发
武汉斗鱼网络科技有限公司,一种应用操作监测方法及装置,开发
中车长江车辆有限公司,一种用于架车机螺母磨耗的检测装置及检测方法,开发
武汉理工通宇新源动力有限公司,一种电动汽车动力电机变速器端盖装配工装,开发
武汉久久智造科技有限公司,一种摇摆驱动装置,开发
中交第二航务工程局有限公司,预制拼装地下廊道双模掘进机,开发
武汉斗鱼网络科技有限公司,分段选择视图呈现方法、装置及用户终端,开发
武汉飞恩微电子有限公司,一种重载压力传感器及其制造方法,开发
武汉中海庭数据技术有限公司,一种基于视觉众包数据自动生成车道级拓扑关系的方法、系统及存储器,开发
武汉中仪物联技术股份有限公司,基于管道机器人的管道检测系统及检测方法,开发
武汉联航机电有限公司,汽车传动轴上卡紧环自动装配装置,开发
东风汽车集团有限公司,一种集成杯托和扶手加热制冷的扶手结构,开发
武汉鸿博鑫科技有限公司,涡轮壳装夹夹具,开发
神龙汽车有限公司,一种四连杆机罩铰链的装配定位工具及装配方法,开发
武汉东振机电设备有限公司,一种汽车减震器活塞杆的攻丝设备,开发
武汉中海庭数据技术有限公司,一种高精度车道组与传统道路的匹配方法及装置,开发
昌华电气设备集团有限公司,一种基于光纤通信的智能低压开关柜综合监控系统,开发
中交第二航务工程局有限公司,一种箱梁底模系统,开发
东风李尔汽车座椅有限公司,用于汽车后排座椅的地钩锁解锁机构,开发
湖北机电院装备制造有限责任公司,一种减震器压装机,开发
武汉武新电气科技股份有限公司,一种无缝切换的换相装置及方法,开发
武汉中海庭数据技术有限公司,一种基于全局路网特征的不同尺度数据的匹配算法,开发
东风汽车集团有限公司,一种坡度自适应系统用柴油输油泵总成,开发
神龙汽车有限公司,无钥匙识别器初始化及自动检测方法,开发
武汉斑马快跑科技有限公司,基于近距离蓝牙连接的城际网约车的约车方法及系统,开发
武汉铂纳智感科技有限公司,一种同时感知压力与气敏的柔性电子皮肤及其制备方法,开发
东风汽车集团有限公司,带阻尼材料层的轴承盖及滑动轴承,开发
东风汽车集团有限公司,汽油机冷却水高温保护系统及其控制方法,开发
东风汽车集团有限公司,一种发动机冷却水温控制系统及方法,开发
武汉华志机器人产业技术研究院有限公司,目标车辆迁移抬升的方法、装置及系统,开发
东风汽车集团有限公司,换挡机构模拟验证方法,开发
武汉斗鱼网络科技有限公司,Shader文件的加密方法、装置及解密方法、装置,开发
武汉凯沃森天窗系统有限公司,一种汽车天窗双头驱动机构,开发
武汉斑马快跑科技有限公司,司机客户端在线时长的统计方法、服务端及司机客户端,开发
东风汽车集团有限公司,一种可变压缩比发动机的活塞连接结构,开发
中车长江车辆有限公司,一种漏斗车的端墙及使用端墙的漏斗车,开发
武汉华中数控股份有限公司,一种全桥双向逆变模块,开发
武汉光庭信息技术股份有限公司,一种自定义道路数据生成方法和装置,开发
武汉图歌信息技术有限责任公司,一种基于Hadoop的多光谱遥感影像分类处理方法,开发
东风汽车集团有限公司,气压式缓速器及其缓速方法与控制模块,开发
中车长江车辆有限公司,用于漏斗车的端墙、侧墙与漏斗脊的连接结构,开发
武汉元丰汽车零部件有限公司,定位块防旋转结构的整体式卡钳气压盘式制动器,开发
霍立克电气有限公司,一种固封极柱及其生产方法,开发
易瓦特科技股份公司,具有柔性排气管的排气通道,开发
武汉枭龙汽车技术有限公司,一种高精度送料的冲压成型设备,开发
中交第二航务工程局有限公司,匹配浇筑混凝土接触面摩擦系数试验方法,开发
武汉中海庭数据技术有限公司,一种基于激光点云的车道边线自动提取方法及系统,开发
武汉斗鱼网络科技有限公司,选项同步选中方法及装置,开发
武汉特瑞升电子科技有限公司,一种管道声纳视频两栖检测方法及系统,开发
东风汽车集团有限公司,汽车后排防下潜方法及其装置,开发
东风汽车集团有限公司,新能源汽车双系统共用膨胀水箱,开发
武汉普泰金属制造技术有限公司,一种五金制品卷边冲压模具,开发
中车长江车辆有限公司,大型铸钢件湿型粘土砂处理系统及砂处理方法,开发
中石化石油机械股份有限公司,一种聚晶金刚石‑硬质合金复合片及其制备方法,开发
湖北开特汽车电子电器系统股份有限公司,一种汽车空调步进电机力矩输出特性的测量系统,开发
武汉烽火信息集成技术有限公司,一种基于机器学习的网络终端设备识别方法及系统,开发
东风亚普汽车部件有限公司,用于切除汽车油箱金属卡环的刀具,开发
东风富士汤姆森调温器有限公司,用于配置液力缓速器的商用车调温器,开发
武汉斗鱼网络科技有限公司,数据明文获取方法、装置、电子终端及可读存储介质,开发
神龙汽车有限公司,一种汽车翼子板与保险杠的装配结构及其装配方法,开发
山推楚天工程机械有限公司,一种用于混凝土臂架泵车的双泵双向合流阀组及应用,开发
武汉斗鱼网络科技有限公司,一种函数测试代码的生成方法及装置,开发
神龙汽车有限公司,可电动调节头枕高度的座椅,开发
中交第二航务工程局有限公司,大型标准构件的节段匹配预制方法,开发
武汉共康汽车零部件有限公司,三销轴叉测量倒角至基准面量具,开发
武汉斗鱼网络科技有限公司,一种基于安卓系统播放器的控件交互方法及装置,开发
武汉华工激光工程有限责任公司,一种旋转式角度调节镜架和方法,开发
武汉新特光电技术有限公司,汽车发动机缸套激光切割机床,开发
武汉英康汇通电气有限公司,即充式无轨电车控制方法,开发
武汉泛洲中越合金有限公司,一种利用X射线荧光光谱仪扫描道检测元素含量的方法,开发
武汉斑马快跑科技有限公司,一种基于近距离蓝牙热点定位的拼车方法及系统,开发
中铁工程机械研究设计院有限公司,低位大载荷平板运输车,开发
东风汽车集团有限公司,一种VVT初始角度学习控制方法,开发
中车长江车辆有限公司,一种用于平砟的工程车,开发
武汉中原电子集团有限公司,一种卫星授时装置,开发
武汉海达数云技术有限公司,时钟源生成装置及方法,开发
武汉思普崚技术有限公司,根据syslog测试日志审计功能的方法及设备,开发
中车长江车辆有限公司,一种铁路货车用冲击座,开发
武汉市政环卫机械有限公司,一种提升真空抽吸污物深度的方法和提升抽吸深度的真空污物抽吸车具,开发
神龙汽车有限公司,一种客观评价车门玻璃夹持稳定性的方法,开发
三环集团有限公司,一种具有间隙补偿功能的全盘式制动器,开发
九州通医药集团物流有限公司,一种带夹抱机构的可换向式穿梭车,开发
武汉光庭信息技术股份有限公司,自动驾驶中摄像头动态曝光调整方法,开发
武汉雷神特种器材有限公司,一种高速运动线性体的尾部柔性约束保护装置,开发
武汉盛帆电子股份有限公司,一种能够多次组装拆卸的智能型电力仪表,开发
中铁十一局集团有限公司,一种轨排的质量检测方法及系统,开发
武汉斗鱼网络科技有限公司,首页推荐排期方法及装置,开发
东风汽车集团有限公司,一种用于汽车控制器的功能安全电路,开发
武汉樵薪机械制造有限公司,一种支撑平台供油式静压纠偏系统,开发
神龙汽车有限公司,一种基于逆向发光原理的LED光导,开发
湖北正兴设备制造有限公司,车辆的排气制动熄火系统,开发
武汉斑马快跑科技有限公司,网约车安全监测系统及方法,开发
中车长江车辆有限公司,公路铁路两用车连挂装置,开发
武汉斗鱼网络科技有限公司,网页前端测试方法及装置,开发
法雷奥照明湖北技术中心有限公司,光导照明组件、车灯以及用于定位光导部件的方法,开发
武汉瑞松北斗汽车装备有限公司,适用多车型的无源台车平台,开发
东风汽车集团有限公司,一种轮毂轴承动态摩擦力矩测试试验台,开发
武汉斗鱼网络科技有限公司,一种应用流畅度评价方法及装置,开发
东风亚普汽车部件有限公司,汽车燃油箱阀门功能测试装置,开发
中车长江车辆有限公司,一种铁路货车大刀式底门开闭机构的组装方法,开发
武汉盛帆电子股份有限公司,电能表自动贴标生产装置,开发
际华三五零六纺织服装有限公司,作训帽帽沿六道线缝纫辅助装置,开发
武汉瑞松北斗汽车装备有限公司,一种顶棚自动化生产线的外板零件笼,开发
东风汽车有限公司,一种垫片自动排序系统,开发
东风汽车集团有限公司,一种汽车门槛验证装置、系统及方法,开发
武汉斗鱼网络科技有限公司,一种基于智能终端罗盘的加解密方法及系统,开发
武汉元丰汽车零部件有限公司,鼓式驻车制动器单蹄以及鼓式驻车制动器,开发
武汉斗鱼网络科技有限公司,一种添加控件标识的方法和装置,开发
武汉斗鱼网络科技有限公司,一种基于安卓列表的数据处理方法及装置,开发
中车长江车辆有限公司,一种上漏斗与侧墙的连接件和漏斗车,开发
武汉共康汽车零部件有限公司,三销轴叉球面浮动夹具,开发
武汉斗鱼网络科技有限公司,IOS中省流量网络图片的展示交互方法及系统,开发
东风汽车集团有限公司,一种发动机配气相位装配方法,开发
武汉碧海云天科技股份有限公司,一种智能恒流低流量气体采集检测装置与方法,开发
武汉华工正源光子技术有限公司,一种利于U型和双排FOB焊接的FPC制作方法,开发
武汉市恒通诚汽车零部件有限公司,长轴上料装置,开发
武汉斗鱼网络科技有限公司,页面身份获取方法及装置,开发
武汉元光科技有限公司,一种公交推广数据的推广结果确定方法、装置以及服务器,开发
中铁工程机械研究设计院有限公司,一种振源恒压补偿系统,开发
凯德自控武汉智能装备有限公司,涂料设备和涂装方法,开发
武汉斗鱼网络科技有限公司,模型参数处理方法、装置、电子设备及存储介质,开发
武汉斗鱼网络科技有限公司,直播播放卡顿的预测方法、切换方法及装置,开发
武汉中海庭数据技术有限公司,一种基于交叉路口的高精度道路计算匹配方法及系统,开发
武汉重型机床集团有限公司,一种高精度异构压环的加工方法,开发
武汉恒诺汽车零部件有限公司,转向灯警示灯智能控制方法,开发
武汉斗鱼网络科技有限公司,一种在人机交互过程中提升关注度的方法和系统,开发
中交第二航务工程局有限公司,一种U肋内侧焊缝返修焊接辅助装置,开发
中车长江车辆有限公司,用于漏斗车的侧墙与中梁的连接结构,开发
武汉斗鱼网络科技有限公司,校验方法、装置及服务端,开发
武汉斗鱼网络科技有限公司,直播中的相似弹幕合并方法、存储介质、电子设备及系统,开发
武汉飞恩微电子有限公司,集成有光纤传感器、声音传感器和图像监测器的安防装置,开发
武汉立世达电力科技有限公司,一种高压电缆剥皮装置,开发
武汉依迅北斗空间技术有限公司,一种用于教练车的验证系统及其验证方法,开发
湖北华海达汽车安全技术有限公司,汽车电子抗倾覆控制方法,开发
东风汽车集团有限公司,一种氧传感器隔热保护装置,开发
东风汽车有限公司,一种汽车盲点侦测方法及汽车电子设备,开发
神龙汽车有限公司,汽车后座椅靠背骨架的分体式结构及装配方法,开发
中车长江车辆有限公司,基于侧架定位的脱轨检测装置及其检测方法,开发
武汉高德红外股份有限公司,一种非制冷红外焦平面探测器的读出电路及提高良率的方法,开发
中铁科工集团轨道交通装备有限公司,一种带随动支承圈的伸缩式集装箱吊具,开发
武汉斗鱼网络科技有限公司,首页推荐方法及装置,开发
武汉斗鱼网络科技有限公司,基于时间轮盘和播放状态的活跃用户集维护系统及方法,开发
中车长江车辆有限公司,货车转向架轴箱定位装置,开发
武汉盛帆电子股份有限公司,一种光耦电气性能检测装置,开发
易瓦特科技股份公司,用于激光测距的装置,开发
中车长江车辆有限公司,一种漏斗车的下漏斗脊,开发
武汉华工激光工程有限责任公司,一种铝合金基板印制电路板的制备工艺及设备,开发
神龙汽车有限公司,一种车门下沉量快速检测机构,开发
武汉斗鱼网络科技有限公司,应用程序错误定位方法及装置,开发
中车长江车辆有限公司,一种二级锁闭装置、漏斗车底门及漏斗车,开发
武汉乐庭软件技术有限公司,一种T-Box自动化测试方法及系统,开发
东风汽车集团有限公司,一种带助力机构的离合器踏板,开发
武汉依迅北斗空间技术有限公司,一种车辆导航中的偏移判断方法及装置,开发
武汉重型机床集团有限公司,一种超大型立车底座的传动轴孔加工方法及步骤,开发
武汉泛洲机械制造有限公司,一种用于变速箱板簧耐久试验的装置,开发
东风汽车集团有限公司,汽车A柱的侧方视野的验证装置和方法,开发
东风汽车有限公司,用于汽车方向盘的转舵角测量装置及其使用方法,开发
中铁工程机械研究设计院有限公司,车载式伸缩皮带机,开发
武汉盛帆电子股份有限公司,一种适用于潮湿环境的实用型智能电力仪表,开发
神龙汽车有限公司,整车密封性淋雨测试系统,开发
武汉飞恩微电子有限公司,一种压力传感器及其制造方法,开发
易瓦特科技股份公司,用于粉末标识的系统,开发
武汉联航机电有限公司,工件角度调整装置及其全自动激光打标设备,开发
东风本田汽车有限公司,多功能升降主线台板装置,开发
武汉华中数控股份有限公司,一种均压电路,开发
武汉杜曼智能科技有限公司,一种电动车辆在线快速充电系统和充电方法,开发
武汉盛硕电子有限公司,一种控制装置、一种搅拌车,开发
东风汽车集团有限公司,增压直喷发动机缸盖及其冷却水套结构,开发
东风汽车集团有限公司,一种具有双金属片温控结构的内油底壳,开发
东风汽车集团有限公司,一种汽车自夹持杯托结构,开发
中石化石油机械股份有限公司三机分公司,一种薄壁、深孔气缸套的机械加工工艺,开发
武汉东海敏实汽车零部件有限公司,生产物流控制门禁系统,开发
武汉斗鱼网络科技有限公司,一种内存抖动自动化测试方法及装置,开发
中交第二航务工程局有限公司,单洞大断面隧道双侧壁施工转换工艺,开发
武汉泛洲中越合金有限公司,滑靴和柱塞的扣压组合模及扣压装置,开发
武汉中海庭数据技术有限公司,一种基于行车轨迹和视觉车道边线数据的路口识别方法及系统,开发
武汉东环车身系统有限公司,一种绳轮式玻璃升降装置,开发
武汉九武光电技术有限公司,一种多维度可调激光打标机,开发
法雷奥照明湖北技术中心有限公司,内腔式透镜装置以及照明和/或信号指示设备,开发
武汉思普崚技术有限公司,自动化测试命令行命令的方法、设备及存储介质,开发
中铁十一局集团有限公司,一种作用于F轨的吊具,开发
中车长江车辆有限公司,一种磁动力车,开发
东风汽车集团有限公司,动力总成抗扭拉杆结构,开发
神龙汽车有限公司,一种车灯与车灯框架连接结构,开发
神龙汽车有限公司,快速安装门框密封条的工具,开发
法雷奥照明湖北技术中心有限公司,光导部件、光学组件及照明和/或信号指示设备,开发
武汉智能控制工业技术研究院有限公司,一种基于负载检测的电路过载保护系统及保护方法,开发
武汉中海庭数据技术有限公司,基于众包大数据的高精度地图拓扑自动构建方法及系统,开发
神龙汽车有限公司,一种前后车门防擦条的间隙面差检测工具及其检测方法,开发
中车长江车辆有限公司,一种凹底架及多式联运车,开发
武汉中海庭数据技术有限公司,用于解决导航数据增量更新过程中数据冲突的完备包更新方法及系统,开发
中车长江车辆有限公司,一种焊缝质量检测辅助工装及检测方法,开发
中交第二航务工程局有限公司,一种横梁钢筋绑扎支撑架的施工方法,开发
武汉斗鱼网络科技有限公司,用于网络交互的指令识别方法及系统,开发
中交第二航务工程局有限公司,一种组合式剪力键受力试验测试方法,开发
山推楚天工程机械有限公司,齿轮齿条支腿伸缩装置,开发
武汉重型机床集团有限公司,奥氏体不锈钢盘类零件高精度孔系的加工补偿方法,开发
武汉斗鱼网络科技有限公司,根据用户的硬件环境自动推荐网络直播参数的方法和系统,开发
东风汽车集团有限公司,一种用于消除车载无线充电对PEPS干扰的控制系统及控制方法,开发
武汉光庭信息技术股份有限公司,基于安全驾驶地图的车道级别的导航引导系统和方法,开发
中铁十一局集团有限公司,一种轨排的安装精调方法及系统,开发
武汉斗鱼网络科技有限公司,数据测试方法、装置及电子设备,开发
扬子江汽车集团有限公司,纯电动汽车的电机功率控制方法和系统,开发
武汉华工正源光子技术有限公司,一种28G SFP封装的光模块,开发
武汉理工通宇新源动力有限公司,一种变速箱转速测量方法,开发
武汉市尚佳盛汽车配件有限公司,一种尾灯支架的加工方法及加工模具,开发
武汉斗鱼网络科技有限公司,界面测试方法及装置,开发
武汉斗鱼网络科技有限公司,防止被刷的验证方法及装置,开发
武汉泛洲中越合金有限公司,斜面套产品加工夹具,开发
东风汽车集团有限公司,一种集成式阻尼及刚度调节装置,开发
武汉钢铁江北集团冷弯型钢有限公司,一种D形钢管的辊弯成型方法,开发
中车长江车辆有限公司,一种用于漏斗车底门的显示装置,开发
东风汽车集团有限公司,一种防滑移悬置支架及其连接结构,开发
湖北机电院装备制造有限责任公司,一种自动导航车及其驱动结构,开发
中铁建电气化局集团南方工程有限公司,一种高空狭小处螺栓紧固装置,开发
易瓦特科技股份公司,用于粉末标识的装置,开发
武汉齐达康环保科技股份有限公司,一种往复柱塞式气体压缩机及方法,开发
武汉富国发动机科技有限公司,完善实用高效输出的内燃机,开发
神龙汽车有限公司,一种用于车辆装配的拧紧装置,开发
武汉斗鱼网络科技有限公司,一种获取数据的方法及装置,开发
武汉华工正源光子技术有限公司,带反光片实现背光监控功能的光传输组件及装置,开发
东风汽车集团有限公司,一种识别车辆热衰退现象的系统和方法,开发
武汉华中数控股份有限公司,一种基于能耗型的刀具寿命综合管理方法及系统,开发
武汉敏惠汽车零部件有限公司,汽车零部件双工位微型专用龙门铣床,开发
中车长江车辆有限公司,一种交叉结构转向架的检测方法,开发
东风亚普汽车部件有限公司,汽车燃油箱注油管通气性能测试装置,开发
武汉智能控制工业技术研究院有限公司,一种组合横梁及车辆,开发
武汉中海庭数据技术有限公司,基于高精度地图的驾驶辅助装置及方法,开发
东风汽车有限公司,一种汽车后背门,开发
武汉英弗耐斯电子科技有限公司,一种永磁同步电机交直轴电感测量方法,开发
易瓦特科技股份公司,在避障过程中对避障距离进行测量的方法及装置,开发
东风汽车有限公司,汽车仪表的换档提示方法及其系统,开发
中车长江车辆有限公司,CJC型弹性旁承侧板固定装置及CJC型弹性旁承压装方法,开发
武汉斗鱼网络科技有限公司,安卓系统稳定性的自动化测试方法及装置,开发
武汉华中数控股份有限公司,一种数控软件测试系统,开发
武汉斑马快跑科技有限公司,一种车辆行驶路线监控方法、司机客户端和服务器,开发
湖北雷迪特冷却系统股份有限公司,一种具有快速咬合结构的散热器主片,开发
武汉华中数控股份有限公司,一种基于主站设备与从站设备的现场总线实现方法,开发
武汉斗鱼网络科技有限公司,一种方案测试的方法及服务器,开发
武汉光庭信息技术股份有限公司,一种实时路况线的接头处理方法,开发
中车长江车辆有限公司,两用漏斗车,开发
湖北开特汽车电子电器系统股份有限公司,基于LIN通信驱动的汽车伺服步进电机,开发
武汉东海敏实汽车零部件有限公司,不干胶注入辅助装置,开发
武汉锦瑞技术有限公司,一种自动化清洁复杂砂型腔掉砂装置及其操作方法,开发
武汉中海庭数据技术有限公司,一种融合个性偏好因子的路径探索方法,开发
武汉东海敏实汽车零部件有限公司,一种汽车装饰密封条及其制造方法,开发
东风汽车集团有限公司,一种棘轮棘爪配合结构及具有该结构的军用越野车门锁,开发
武汉佳特轿车零部件有限公司,带防误锁机构的中控门锁,开发
东风汽车集团有限公司,前刮水器电机防水防尘结构及其在汽车上的连接结构,开发
武汉佳特轿车零部件有限公司,用于重卡轻卡商用车上的一体式车门锁,开发
神龙汽车有限公司,一种快速检查仪表板在车身上装配界面的工装,开发
武汉斗鱼网络科技有限公司,自动测试Android应用启动时间的方法及系统,开发
湖北德道汽车科技有限公司,一种前保左中右外板冲压工艺,开发
武汉瑞天波谱信息技术有限公司,一种基于接收信号功率信息的辐射源定位方法,开发
武汉格瑞恩电子仪表有限公司,组合仪表,开发
中车长江车辆有限公司,一种制动缸活塞行程及闸调器螺杆长度调整的方法,开发
武汉神骏专用汽车制造股份有限公司,大型回转支承安装座连接面加工铣床,开发
武汉高德红外股份有限公司,一种非制冷红外探测器的像素级封装结构及加工方法,开发
武汉利德测控技术有限公司,一种钢卷位置识别方法,开发
武汉协和齿环有限公司,一种齿环夹具球头柱塞安装工装及安装方法,开发
中车长江车辆有限公司,用于快速检测物件间隙的专用卡尺及使用方法,开发
中车长江车辆有限公司,一种弧形铝合金型材拼接的组焊工装及组焊工艺方法,开发
中交第二航务工程局有限公司,一种铜止水与橡胶止水连接模具,开发
中交第二航务工程局有限公司,用于波形钢腹板组合结构梁桥的短线匹配预制模板系统,开发
神龙汽车有限公司,一种汽车铰链静态载荷试验台及载荷试验方法,开发
东风富士汤姆森调温器有限公司,一种新型电子调温器加热件安装结构,开发
神龙汽车有限公司,一种在涂装生产线制备前处理电泳漆试板的装置,开发
武汉至驱动力科技有限责任公司,纯电动车控制器核心控制算法实时跟踪和校正方法及系统,开发
武汉斗鱼网络科技有限公司,一种带标签的视频排序方法及装置,开发
武汉泛洲中越合金有限公司,滑靴和柱塞的装配系统及装配方法,开发
武汉斗鱼网络科技有限公司,一种自带触发功能的按钮的设计方法与设备,开发
武汉建海精密型材发展有限公司,切断缩口冲模,开发
中车长江车辆有限公司,一种单轨悬挂式动力转向架组装装置及方法,开发
武汉华工正源光子技术有限公司,一种短腔长面发射激光器及其制造方法,开发
中车长江车辆有限公司,车钩缓冲装置压缩垫的安装与卸载方法及取垫装置,开发
武汉华中数控股份有限公司,基于探测器温度的多点非均匀校正的方法,开发
湖北三环汽车电器有限公司,一种用于汽车电喇叭的标签剥离装置,开发
武汉斗鱼网络科技有限公司,基于补集特征的贝叶斯文档分类方法、装置、设备及介质,开发
武汉华工激光工程有限责任公司,一种利用CCD寻边偏移再激光切割的方法,开发
中铁工程机械研究设计院有限公司,一种多支腿轮胎式铺轨起重机及施工方法,开发
武汉碧海云天科技股份有限公司,低脉动小流量抽气泵,开发
湖北雷迪特冷却系统股份有限公司,一种偏心式手动快速夹紧塞头,开发
三环集团有限公司,一种汽车动力转向器内油道控制阀,开发
东风汽车集团有限公司,四轮轮毂电机驱动汽车力矩补偿的组合二阶滑模控制方法,开发
东风汽车集团有限公司,动力电池箱体的吊挂连接结构及其安装方法,开发
武汉华工正源光子技术有限公司,突发接收光功率校准方法及装置,开发
武汉斗鱼网络科技有限公司,多屏互动方法及装置,开发
武汉延锋时代检测技术股份有限公司,一种表面缺陷的分析方法,开发
武汉合康电驱动技术有限公司,确定电压型逆变器IGBT模块结温的方法及设备,开发
武汉斗鱼网络科技有限公司,直播推荐信息处理方法、装置及终端设备,开发
中石化石油机械股份有限公司,一种新型一球式多次激活井下旁通阀及其系统和使用方法,开发
中交第二航务工程局有限公司,基于三维激光扫描的隧道施工初支侵限监测分析预警方法,开发
东风汽车集团有限公司,一种基于不同驾驶员的方向盘智能调节方法,开发
神龙汽车有限公司,一种前脸检测样架定位结构及检测方法,开发
武汉合康亿盛电气连接系统有限公司,一种叠层母排模具,开发
武汉华工激光工程有限责任公司,全自动翻板定位机构,开发
武汉重型机床集团有限公司,大型铸件的浇注系统与浇注方法,开发
武汉斗鱼网络科技有限公司,安卓应用中预览视频的全屏播放方法及系统,开发
武汉斑马快跑科技有限公司,近距离wifi热点定位的快速约车方法及系统,开发
湖北正兴设备制造有限公司,一种发动机冷却液散热水箱内部腐蚀试验台,开发
武汉高木汽车部件有限公司,汽车后牌照固定架,开发
湖北三环汽车工程塑料有限公司,一种环保轻量化隔音垫及其生产方法,开发
武汉华工激光工程有限责任公司,一种电梯厅门板及轿壁板激光搭接焊接工艺,开发
中车长江车辆有限公司,一种敞车的侧墙结构,开发
中车长江车辆有限公司,一种控制底门开闭的装置,开发
武汉斗鱼网络科技有限公司,基于时间轮盘和页面行为的活跃用户集维护方法及系统,开发
东风汽车有限公司,连杆衬套压装系统及压装方法,开发
武汉东焊汽车装备有限公司,一种多角度焊接固定装置,开发
东风汽车集团有限公司,一种增压发动机曲轴箱通风系统结构,开发
武汉宝钢华中贸易有限公司,一种落料模具废料刀总成,开发
中车长江车辆有限公司,一种控制底门开闭的装置及铁路漏斗车,开发
武汉兆航精密工业有限公司,镗孔刀具及其加工方法,开发
中交第二航务工程局有限公司,一种可调平衡式构件安装装置,开发
中车长江车辆有限公司,公铁联运车用承载连接装置,开发
湖北跃华检测有限公司,一种环境空气质量自动监控装置,开发
武汉鸿博鑫科技有限公司,汽车发动机缸体定位装置,开发
武汉英康汇通电气有限公司,一种在线充电式电动车制动能量的回收系统,开发
东风汽车有限公司,油门踏板组件及其控制方法,开发
武汉思普崚技术有限公司,一种端口镜像自动化测试方法及装置,开发
武汉腾索科技有限公司,控制燃油箱通气阀的方法及设备,开发
武汉斑马快跑科技有限公司,一种风险行为识别方法,开发
中铁科工集团轨道交通装备有限公司,用于大型环形件吊装的吊具,开发
武汉斗鱼网络科技有限公司,自动监控数据库服务的方法、存储介质、电子设备及系统,开发
武汉中海庭数据技术有限公司,用于自动驾驶中的道路标识制图及车辆定位方法及系统,开发
中交第二航务工程局有限公司,钢构件整体模块化精加工定位装置,开发
武汉华中数控股份有限公司,利用伺服驱动器评价电机齿槽转矩大小的方法及系统,开发
中车长江车辆有限公司,一种带锁轴装置的漏斗车底门及漏斗车,开发
武汉斗鱼网络科技有限公司,一种电子设备中视频文件转码方法及电子设备,开发
武汉飞恩微电子有限公司,用于智能交通的多参数组合传感器,开发
东风汽车有限公司,一种充气装置、自动充气系统及其控制方法,开发
武汉理工通宇新源动力有限公司,一种机械式变速器的电机驱动选换挡执行机构,开发
东风汽车有限公司,自动驾驶转角控制方法、电子设备及存储介质,开发
东风汽车有限公司,电动汽车动力电池支架及系统,开发
武汉华中数控股份有限公司,一种产生整数频率脉冲的信号发生器及信号产生方法,开发
中交第二航务工程局有限公司,钢壳混凝土沉管管节预制信息化系统,开发
武汉斗鱼网络科技有限公司,一种基于Lucence的检索推送方法及系统,开发
中车长江车辆有限公司,一种物流运输车系统,开发
武汉斗鱼网络科技有限公司,防止被刷的验证方法及装置,开发
武汉盛帆电子股份有限公司,电能表生产线上的检测装置,开发
中车长江车辆有限公司,一种在圆柱面滚压标志的装置及使用该装置的方法,开发
武汉齐达康能源装备有限公司,气液混输增压系统,开发
武汉凡谷电子技术股份有限公司,一种数字微波系统高增益射频通道AGC控制环路,开发
中车长江车辆有限公司,中枕梁测量装置的制作方法,开发
武汉锆元传感技术有限公司,一种片式氧传感器芯片的制造方法,开发
武汉智能控制工业技术研究院有限公司,一种车载设备故障重连总线接口模块,开发
武汉裕大华纺织服装集团有限公司,一种适用于智能纺纱的抓棉新工艺,开发
武汉中海庭数据技术有限公司,一种自动驾驶用高精度地图数据网格化的管理方法及装置,开发
武汉华工激光工程有限责任公司,人字形筛缝管激光加工工艺,开发
神龙汽车有限公司,一种珩磨机膨胀运动定量控制方法,开发
武汉重型机床集团有限公司,镗轴尾部支座水平双线轨支撑结构和安装方法,开发
武汉佳特轿车零部件有限公司,用于汽车尾门的电动开闭系统,开发
武汉理工通宇新源动力有限公司,一种电驱动自动变速器能量回馈系统及方法,开发
东风汽车集团有限公司,车用宽域氧传感器失效监测方法,开发
武汉盛硕电子有限公司,短距离无线通信的智能门禁和考勤系统及控制方法,开发
中车长江车辆有限公司,铁道货车车体与转向架吊运连接装置,开发
武汉辰羽科技有限公司,无谐振峰隔振缓冲器,开发
东风汽车集团有限公司,基于不同驾驶员身高的外后视镜自适应位置调节方法,开发
武汉斗鱼网络科技有限公司,批量单元测试方法、装置、可读存储介质及设备,开发
武汉中海庭数据技术有限公司,基于车道线特征匹配的高精度定位装置及方法,开发
凌云科技集团有限责任公司,一种机载大气数据系统曼彻斯特码解析及仿真系统,开发
武汉海达数云技术有限公司,三维激光扫描仪的旋转控制方法,开发
武汉斗鱼网络科技有限公司,一种基于图像识别的测光处理方法、系统与设备,开发
易瓦特科技股份公司,旋翼机传动装置,开发
东风汽车集团有限公司,一种前翻式发动机罩、连接结构及汽车,开发
东风汽车集团有限公司,多功能碳罐试验系统及试验方法,开发
中车长江车辆有限公司,一种冷冲压方法,开发
武汉高德红外股份有限公司,一种红外测温方法及系统,开发
武汉斗鱼网络科技有限公司,一种分类模型训练系统及其实现方法,开发
武汉理工通宇新源动力有限公司,一种车用永磁同步电机转子结构及车辆,开发
武汉依迅北斗空间技术有限公司,一种驾驶行为规范度的评价方法和装置,开发
中铁建电气化局集团南方工程有限公司,一种电线保护套管的固定装置,开发
中铁十一局集团有限公司,一种推送式磁浮轨排运输车,开发
武汉云众科技有限公司,基于红外探测的螺纹钢计数方法及系统,开发
武汉华中数控股份有限公司,一种基于数控机床批量加工的工件尺寸补偿方法,开发
东风李尔汽车座椅有限公司,一种汽车座椅靠背滑轨联动解锁机构,开发
武汉市神风汽车工业有限责任公司,新能源车B柱横梁总成焊接夹具,开发
神龙汽车有限公司,一种自适应巡航控制标牌性能检测装置及方法,开发
武汉瑞松北斗汽车装备有限公司,适用多车型的无源台车,开发
武汉海达数云技术有限公司,一种室内环境下三维空间信息连续精确采集方法,开发
武汉重型机床集团有限公司,快速安装测量装置自动定心结构,开发
武汉松芝车用空调有限公司,减震降噪便于维修的轻量化冷藏机组冷凝器,开发
武汉敏岛汽车零部件有限公司,一种QA机自动装配检测系统,开发
武汉市汉峰实业发展有限公司,数控薄膜旋切机,开发
中铁科工集团有限公司,一种共振破碎机导向装置及方法,开发
武汉洪斯德汽车有限公司,可精确调节流量的减压阀,开发
易瓦特科技股份公司,双本体的空中投放装置,开发
中铁工程机械研究设计院有限公司,一种多点平衡可调仰角的吊臂搁置锁定装置及方法,开发
武汉华中数控股份有限公司,一种操作数控机床升级数据包的方法及装置,开发
东风汽车集团有限公司,一种座椅自动跨线装置,开发
武汉联航机电有限公司,一种固定节注油机构,开发
武汉华工激光工程有限责任公司,基于Labview的激光光束分析系统及方法,开发
东风汽车集团有限公司,一种车门模拟护板的人机验证装置,开发
武汉斗鱼网络科技有限公司,基于GPU算法的客户端验证方法及系统,开发
武汉斗鱼网络科技有限公司,一种测试漏洞的方法和系统,开发
武汉元丰汽车零部件有限公司,间隙自动调整器以及气压盘式制动器,开发
武汉盛帆电子股份有限公司,电力线宽带载波通信测试方法及装置,开发
武汉东测科技有限责任公司,一种刹车油门组合踏板及其加速、刹车方法,开发
武汉重型机床集团有限公司,基于液压预紧的重载液体静压转台及液压预紧控制方法,开发
武汉斗鱼网络科技有限公司,基于熵值法的用户分区偏好计算方法及系统,开发
武汉华工激光工程有限责任公司,一种光路放大的自动对焦装置,开发
东风汽车集团有限公司,一种高集成双横臂前悬架转向驱动桥安装支架及安装结构,开发
武汉合康动力技术有限公司,一种基于客车AMT自动变速箱换挡机构自学习控制方法,开发
国网湖北送变电工程有限公司,基于UWB无线测距技术的抱杆倾角测量方法,开发
武汉华工激光工程有限责任公司,一种奥氏体不锈钢耐蚀强化件表面处理方法,开发
武汉盛硕电子有限公司,一种电动车充电系统及控制方法,开发
东风本田汽车有限公司,便携式电子车轮外倾角测量仪,开发
武汉斗鱼鱼乐网络科技有限公司,用户流失的特征分析方法、预测方法、装置、设备及介质,开发
武汉斗鱼网络科技有限公司,软硬件协同编码方法及系统,开发
神龙汽车有限公司,一种汽车前脸结构,开发
武汉武耀安全玻璃股份有限公司,一种掏箱装置,开发
武汉瑞松北斗汽车装备有限公司,汽车轮罩特种抓手切换板,开发
武汉光庭信息技术股份有限公司,一种TBox蓝牙连接方法和装置,开发
武汉协和齿环有限公司,钢基齿环磁性喷砂夹具及喷砂方法,开发
东风汽车集团有限公司,驻车与电机冷却集成的混动变速箱液压控制方法及系统,开发
武汉凯沃森天窗系统有限公司,一种汽车天窗,开发
武汉无为广域网络能源股份有限公司,发电机智能运维体系,开发
中国船舶重工集团应急预警与救援装备股份有限公司,一种可拼装模块式车辆保养检查平台,开发
武汉世纪宏设备制造有限责任公司,制作轨道交通货车敞车下侧门折页的方法,开发
神龙汽车有限公司,深度自调节杯托结构,开发
湖北开特汽车电子电器系统股份有限公司,一种用于测量电池冷却水管温度的温度传感器,开发
东风汽车集团有限公司,主动脱附汽油蒸气及二次喷射系统、以及方法,开发
中车长江车辆有限公司,基于侧架定位检测的防脱轨转向架及其脱轨检测方法,开发
武汉斗鱼网络科技有限公司,数据上传方法及装置,开发
湖北三环成套工业有限公司,一种车床的丝杠与导轨的平行度检测装置,开发
武汉斗鱼网络科技有限公司,推送信息处理方法及装置,开发
武汉光庭信息技术股份有限公司,一种导航数字地图道路数据元素的唯一编码生成方法,开发
武汉雷博合创电子科技有限公司,基于线性调频连续波的雷达目标长时间积累检测方法,开发
东风汽车集团有限公司,一种确定内高压成型工艺参数的方法,开发
东风汽车有限公司,车载香氛系统,开发
东风汽车有限公司,一种汽车监控方法及系统,开发
武汉英康汇通电气有限公司,一种旋风火焰筒及其涡轮发电机,开发
武汉斗鱼网络科技有限公司,一种界面卡顿监测方法及装置,开发
武汉斗鱼网络科技有限公司,一种数据处理方法及系统,开发
东风电动车辆股份有限公司,集成控制器电驱动系统的三相连接结构,开发
中车长江车辆有限公司,一种罐车,开发
武汉斗鱼网络科技有限公司,一种多个数据单元中进度条动态刷新方法及装置,开发
武汉中车长客轨道车辆有限公司,轨道车辆连接线的绝缘耐压实验法,开发
湖北省电力装备有限公司,一种高压计量柜,开发
中车长江车辆有限公司,一种曲线箱型梁的组装装置及方法,开发
武汉华工激光工程有限责任公司,一种用于激光切割油墨丝印蓝宝石的方法,开发
武汉珈和科技有限公司,基于多时相数据中特征提取的中稻信息决策树分类方法,开发
东风汽车集团有限公司,一种轮毂电机控制器及控制方法,开发
武汉洛特福动力技术有限公司,具有加压渗水清洗功能的尿素泵系统及使用方法,开发
武汉无忧车智能科技有限公司,一种无人洗车方法和装置,开发
武汉华中数控股份有限公司,一种电机性能测试系统,开发
武汉腾索科技有限公司,车辆燃油箱电磁阀控制方法及设备,开发
中交第二航务工程局有限公司,一种振弦传感器的锚固结构,开发
东风汽车集团有限公司,基于油路系统排气的起动辅助控制方法,开发
武汉烽火信息集成技术有限公司,自适应大数据存储平台,开发
东风汽车集团有限公司,两栖车辆传动系统的密封隔振装置及其连接结构,开发
东风汽车集团有限公司,一种车辆换挡后爆震误判的剔除方法,开发
神龙汽车有限公司,车载WiFi性能检测方法和系统,开发
东风汽车集团有限公司,一种基于盲区监测的车道保持辅助方法及系统,开发
武汉华工正源光子技术有限公司,带背光监控用于高速传输的光组件,开发
武汉鑫恒通车桥制造有限公司,转向节主销孔夹具,开发
武汉中海庭数据技术有限公司,一种基于高精度地图和传统地图结合的路径规划方法及装置,开发
中车长江车辆有限公司,一种漏斗车的上漏斗脊,开发
南斗六星系统集成有限公司,一种大型停车场停车管理系统和方法,开发
武汉星巡智能科技有限公司,负载摄像装置的飞行器云台稳定性测试方法,开发
武汉斗鱼网络科技有限公司,同时记录多种信息的方法及装置,开发
法雷奥照明湖北技术中心有限公司,光导组件以及照明和/或信号指示装置,开发
武汉元光科技有限公司,公交系统中GPS定位数据补偿方法及电子设备,开发
武汉慧谷银河智能系统工程有限公司,等离子切割机出弧方法,开发
武汉飞流智能技术有限公司,一种无人机机臂动能效率自动化测试装置,开发
武汉神骏专用汽车制造股份有限公司,螺栓连接式均载平衡梁半挂车,开发
东风汽车集团有限公司,一种混合动力越野汽车冷却系统及其控制方法,开发
中车长江车辆有限公司,车架以及空中运输车辆,开发
东风汽车有限公司,力值可调节的离合器踏板系统和离合器踏板力值的调整方法,开发
武汉重型机床集团有限公司,基于三点支承结构的重载卧车静压头架主轴顶尖调整方法,开发
武汉华工激光工程有限责任公司,镀锌板激光叠焊方法,开发
中车长江车辆有限公司,一种针对封闭容器合拢缝的焊接工艺方法,开发
武汉锦瑞技术有限公司,一种铝合金缸盖尺寸和水套通透性综合测试机,开发
易瓦特科技股份公司,具有冷却系统的柔性排气通道,开发
三环集团有限公司,一种碳氮共渗轴承零件及制备方法和具有该零件的球轴承,开发
武汉华中数控股份有限公司,一种低磁阻力永磁直线电机,开发
东风汽车集团有限公司,采用复用动力的轮式车辆助推系统、含有该助推系统的底盘结构和汽车,开发
武汉协和齿环有限公司,一种同步器齿环内环加工复合夹具,开发
东风汽车集团有限公司,一种扶手角度自适应调节的铰座结构、座椅结构及汽车,开发
武汉中原电子集团有限公司,一种动力电池电量计量装置,开发
武汉斗鱼网络科技有限公司,列表显示方法及装置,开发
东风汽车集团有限公司,用于自然吸气发动机的塑料进气歧管总成,开发
东风佛吉亚汽车内饰有限公司,行李箱地毯自动生产线中的增压结构,开发
法雷奥照明湖北技术中心有限公司,反光塔、光反射组件以及照明和/或信号指示装置,开发
武汉斗鱼网络科技有限公司,一种统计用户行为数据的方法及装置,开发
武汉斗鱼网络科技有限公司,一种切换导航栏的方法及装置,开发
易瓦特科技股份公司,具有隔热罩的柔性排气通道,开发
武汉宝钢华中贸易有限公司,基于多智能体月台调度智能排序模型的构造,开发
武汉市海川汽车零部件有限公司,一种传感器连接线的制作方法,开发
武汉北方能源股份有限公司,一种电动汽车充电宝,开发
东风汽车集团有限公司,具有域控制功能的车载控制系统及方法,开发
武汉斗鱼网络科技有限公司,切换录屏直播分辨率的方法及装置,开发
湖北一彰科技有限责任公司,微型电动车电池管理系统,开发
东风汽车集团有限公司,汽车电磁阀控制电路及其控制方法,开发
武汉重型机床集团有限公司,一种重载高速电主轴在线加载平台及其使用方法,开发
中交第二航务工程局有限公司,光纤振弦组合且初始值可调表贴式传感器,开发
扬子江汽车集团有限公司,在线充纯电动车辆动力电池的充电控制方法及系统,开发
湖北开特汽车电子电器系统股份有限公司,基于LIN总线的环境光传感器及在线标定、校准及传输方法,开发
中车长江车辆有限公司,一种车钩钩体牵引台打磨加工装置,开发
神龙汽车有限公司,可自动调节高度的缓冲块及其在汽车上的连接结构,开发
东风马勒热系统有限公司,一种汽车冷却模块集成结构,开发
武汉斗鱼网络科技有限公司,风险行为识别方法、存储介质、设备及系统,开发
中车长江车辆有限公司,一种行车控制方法及管道运输系统,开发
武汉武耀安全玻璃股份有限公司,汽车玻璃吻合度垂向变差仪,开发
湖北开特汽车电子电器系统股份有限公司,带报警灯的多功能光传感器装置,开发
东风汽车有限公司,汽车前排座椅及其放平控制方法,开发
神龙汽车有限公司,一种装饰板快速装配和限位结构,开发
东风李尔汽车座椅有限公司,可折叠的汽车座椅安全带导向器,开发
武汉凡谷电子技术股份有限公司,腔体滤波器的谐振杆与抽头线的装配方法,开发
武汉华工正源光子技术有限公司,调制掺杂型多周期应变补偿量子阱外延层及其生长方法,开发
武汉依迅北斗空间技术有限公司,一种渣土车的车辆调度方法和装置,开发
武汉鑫恒通车桥制造有限公司,一种应用在叉车驱动桥上的盘式制动器,开发
神龙汽车有限公司,布置紧凑的汽车行李箱盖缓冲块总成及连接结构,开发
武汉凯沃森工业科技有限公司,SCR系统用集成式尿素计量泵,开发
武汉协和齿环有限公司,一种同步器总成装配用机构及装配方法,开发
武汉元光科技有限公司,公交中途站点位置检测方法及系统,开发
武汉微摇科技文化有限公司,语音弹幕同步方法和系统,开发
武汉斗鱼网络科技有限公司,一种标识符生成方法和装置,开发
武汉汉宁轨道交通技术有限公司,模型解算方法、控制单元、控制系统及铁路道岔检测方法,开发
东风汽车集团有限公司,一种直喷发动机喷油器积碳自清洁控制方法,开发
武汉中海庭数据技术有限公司,车载激光扫描点云的组织管理方法及系统,开发
中车长江车辆有限公司,一种车辆停靠控制方法及站级控制系统,开发
武汉斗鱼网络科技有限公司,一种异常目标确定方法、装置、设备及介质,开发
神龙汽车有限公司,可保护行人的主动式机罩铰链,开发
湖北三环汽车工程塑料有限公司,一种门板焊接生产线及生产方法,开发
中车长江车辆有限公司,一种管道运输车控制系统,开发
武汉斗鱼网络科技有限公司,弹幕数据展示方法及装置、计算机可读存储介质,开发
中车长江车辆有限公司,一种板材成型配件剪板机切边压紧装置及切边工艺,开发
中车长江车辆有限公司,一种压吨承载装置及其使用的单轴转向架空车高检测方法,开发
武汉元生创新科技有限公司,一种用于手势识别的动作捕捉手套及其校准方法,开发
武汉杜曼智能科技有限公司,自动除尘发动机热管理控制驱动器、控制方法及系统,开发
中车长江车辆有限公司,用于漏斗车的端墙与侧墙的强化结构,开发
武汉斗鱼网络科技有限公司,一种接口检测流程的设置方法和系统,开发
武汉斗鱼网络科技有限公司,持续时间无人脸的预警方法及装置,开发
武汉瑞松北斗汽车装备有限公司,一种顶棚自动化生产线,开发
湖北开特汽车电子电器系统股份有限公司,基于瞬态电流测汽车空调齿轮系配合性方法、系统及应用,开发
国网湖北省电力有限公司,双面太阳能电池跟踪支架的面板结构设计方法,开发
武汉斗鱼网络科技有限公司,一种图像处理的方法及装置,开发
神龙汽车有限公司,一种穿孔结构总成隔音量的测量方法和装置,开发
东风汽车有限公司,一种车机屏幕与手机的连接控制方法及系统,开发
武汉东测科技有限责任公司,一种电推动模拟油压刹车装置,开发
易瓦特科技股份公司,飞行避障过程中进行测距模块切换选择的方法及装置,开发
东风汽车有限公司,动态信号灯及其控制方法,开发
中国通信建设第三工程局有限公司,一种光缆信号传输系统,开发
武汉精伦电气有限公司,一种基于预测相移技术改良的阻抗测距方法,开发
武汉市恒通诚汽车零部件有限公司,一种自动清洁毛坯内腔的装置,开发
武汉武新电气科技股份有限公司,一种用于高性能矢量变频器的输出电压和频率检测电路,开发
武汉斗鱼网络科技有限公司,视频流地址检测方法、装置及服务器,开发
中车长江车辆有限公司,一种组合式制动梁架的组装装置及方法,开发
山推楚天工程机械有限公司,一种用于混凝土泵电控式砼活塞内润滑系统,开发
武汉斗鱼网络科技有限公司,直播人数真实性检测方法、存储介质、电子设备及系统,开发
武汉敏惠汽车零部件有限公司,钢带边缘毛刺去除及板材表面自动涂油组合机,开发
湖北江汉石油仪器仪表股份有限公司,抽油机光杆位移测试方法及测试装置,开发
武汉标迪电子科技有限公司,电动汽车电池组单体电芯保护用熔断器,开发
中车长江车辆有限公司,快速装卸式棚车车体,开发
中铁工程机械研究设计院有限公司,一种用于共振破碎机的振动装置及共振破碎机,开发
武汉杜曼智能科技有限公司,具有电源开关与急停按键复用的工业遥控器及控制方法,开发
东风汽车集团有限公司,一种控制汽车组合仪表指针归零的方法,开发
武汉中车株机轨道交通装备有限公司,一种自主调节的列车用磁流变阻尼器,开发
中车长江车辆有限公司,一种车厢端墙与侧墙组装间隙超差的组焊方法,开发
武汉优斯特汽车传感器科技有限公司,一种介质隔离式温度传感器封装结构,开发
武汉斗鱼网络科技有限公司,一种集成多种图片库的方法、存储介质、设备及系统,开发
神龙汽车有限公司,一种防止工件重复加工、漏加工的方法,开发
武汉华中数控股份有限公司,一种通用电压测试装置,开发
武汉华工激光工程有限责任公司,黄铜配件激光焊接方法,开发
武汉斗鱼网络科技有限公司,一种随图像中关键点移动的自适应贴图方法和系统,开发
武汉斗鱼网络科技有限公司,Flash应用程序中的函数访问控制方法及装置,开发
武汉元生创新科技有限公司,一种两级分离融合的姿态和航向估计方法,开发
武汉盛帆电子股份有限公司,一种智能识别式电能表,开发
南斗六星系统集成有限公司,一种燃油车挡位识别方法和系统,开发
武汉东海石化重型装备有限公司,国产08Ni3DR钢薄层多道焊焊接工艺,开发
武汉泰歌氢能汽车有限公司,一种燃料电池涉氢实验室的安全管理系统,开发
神龙汽车有限公司,整车检具仪表板与副仪表板界面仿真模拟块及检测方法,开发
武汉华工激光工程有限责任公司,红外二维扫描镜组,开发
中交第二航务工程局有限公司,一种驾驶运梁车过隧道的自动控制方法及控制系统,开发
武汉华中数控股份有限公司,一种半桥电路,开发
武汉元光科技有限公司,公交车GPS设备时钟校准方法及装置,开发
中车长江车辆有限公司,一种车厢结构以及冷藏车,开发
武汉斗鱼网络科技有限公司,单元测试覆盖率生成方法、装置、可读存储介质及设备,开发
武汉无线飞翔科技有限公司,一种停车位短租方法,开发
东风汽车集团有限公司,装备手动变速器车辆的换挡冲击减弱系统及方法,开发
武汉英泰斯特电子技术有限公司,一种车联网CAN数据采集方法,开发
三环集团有限公司,一种重型卡车前端自动防撞系统,开发
武汉东顺汽车配件有限公司,汽车减磨衬套,开发
中车长江车辆有限公司,侧翻车车厢翻转气动液压控制系统,开发
武汉斗鱼网络科技有限公司,一种基于视频流播放状态的白名单生成系统及方法,开发
武汉市尚佳盛汽车配件有限公司,一种制造发动机盖铰链的方法,开发
中车长江车辆有限公司,两级刚度式弹性体组合装置,开发
中车长江车辆有限公司,液压式高度自动调整装置,开发
东风汽车集团有限公司,一种车道偏离预警系统及方法,开发
东风李尔汽车座椅有限公司,一种汽车滑轨的解锁机构,开发
东风汽车有限公司,一种换档方法,开发
武汉乐道物流有限公司,一种用于货车的驾驶员疲劳驾驶预警的装置及方法,开发
中铁建电气化局集团南方工程有限公司,一种电力贯通线电缆整理、收拢及绑扎装置,开发
湖北双可科技有限公司,一种基于大数据的停车管理系统,开发
武汉东测科技有限责任公司,一种发动机冷启动加载试验装置及方法,开发
中铁工程机械研究设计院有限公司,大吨位偏心箱梁的无级可调吊具,开发
武汉威立信科技有限公司,一种铣刀深度及角度可调节的精密零件制造用铣床,开发
武汉斗鱼网络科技有限公司,一种安全加载Flash文件的方法及装置,开发
中石化石油机械股份有限公司,液压钻机提升装置多通道马达同步控制策略,开发
武汉珞森源科技有限公司,电动汽车动态多级无线充电系统,开发
中铁科工集团轨道交通装备有限公司,一种扩大头丁型螺纹灌注桩成桩方法及双动力套管扩孔钻具,开发
武汉元丰汽车零部件有限公司,一种气压盘式制动器压板固定机构及方法,开发
武汉光庭信息技术股份有限公司,一种基于瓦片化的多路线道路筛选规划方法及系统,开发
扬子江汽车集团有限公司,纯电动车辆滑片式气泵的控制方法及系统,开发
武汉斗鱼网络科技有限公司,信息管理方法及装置,开发
中车长江车辆有限公司,一种货运动车,开发
武汉斗鱼网络科技有限公司,文本显示方法及装置,开发
武汉理工通宇新源动力有限公司,一种用于混合动力汽车发动机自动启动的控制方法,开发
易瓦特科技股份公司,用于旋翼变距的装置,开发
武汉盛帆电子股份有限公司,移相器负载识别方法、装置及用电保护系统,开发
神龙汽车有限公司,电泳漆颗粒湿打磨机,开发
东风汽车集团有限公司,战术车辆整车综合控制系统及方法,开发
湖北省楚天云有限公司,一种封闭容器生成方法、装置及设备,开发
武汉中车长客轨道车辆有限公司,城铁车异种车型车下线缆盒安装辅助装置,开发
武汉神骏专用汽车制造股份有限公司,鹅颈形梁自动焊接车,开发
武汉市海川汽车零部件有限公司,一种汽车传感器的连接线,开发
中车长江车辆有限公司,一种消除货车压力过充的装置,开发
中车长江车辆有限公司,集装箱载运工装,开发
东风汽车有限公司,一种将车辆影像与路面影像结合显示的方法和装置,开发
神龙汽车有限公司,一种车用烟灰盒,开发
武汉华中数控股份有限公司,五轴数控机床主轴热变形误差补偿方法及系统,开发
武汉神骏专用汽车制造股份有限公司,一种轮转向式半挂车转向装置,开发
中车长江车辆有限公司,一种驼背运输车的底架,开发
武汉斗鱼网络科技有限公司,用户对直播内容的偏好度量方法及装置,开发
武汉斗鱼网络科技有限公司,一种获取数据的方法、装置及计算机设备,开发
中车长江车辆有限公司,机械自锁式活塞缸及联杆机构控制系统,开发
武汉星巡智能科技有限公司,无线移动充电方法、装置及无人飞行器系统,开发
武汉英泰斯特电子技术有限公司,一种新能源车辆故障数据采集方法和装置,开发
武汉市金驰海科技有限公司,一种钢厂粉尘废料铁、碳、锌综合回收工艺,开发
武汉海达数云技术有限公司,三维激光扫描仪中的反射镜和三维激光扫描仪,开发
武汉斗鱼网络科技有限公司,RPC接口测试方法及系统,开发
武汉市六顺标准衡器有限公司,多重防护称重电子汽车衡,开发
武汉中海庭数据技术有限公司,一种基于高精度地图的车道级路径规划方法及系统,开发
武汉思普崚技术有限公司,一种与NFV虚拟安全网关相连的网元设备,开发
武汉华工激光工程有限责任公司,震动马达弹片与质量块的激光焊接方法,开发
武汉合康动力技术有限公司,一种基于RS422芯片实现车速采集电路,开发
武汉斗鱼网络科技有限公司,一种帧类型的判断方法及装置,开发
武汉安比克科技有限公司,一种油箱快速智能烘干系统,开发
武汉元丰汽车零部件有限公司,制动器间隙调整装置以及气压盘式制动器,开发
武汉中海庭数据技术有限公司,高精度地图数据管理方法及装置,开发
湖北雷迪特冷却系统股份有限公司,一种汽车冷却模块组合试验方法,开发
神龙汽车有限公司,一种汽车用亏电铅酸蓄电池的充电方法,开发
东风汽车集团有限公司,废气涡轮发动机增压闭环自适应系统及控制方法,开发
神龙汽车有限公司,具有阻尼和过载保护功能的车门锁扣,开发
武汉里得电力科技股份有限公司,基于配电线路维护的旁路作业方法及其配套作业装置,开发
东风博泽汽车系统有限公司,一种工件防错转盘自锁系统及控制方法,开发
武汉华中数控股份有限公司,管控数控平台系统及其构建方法,开发
武汉金仑汽配有限公司,一种管件气密性检测工作台,开发
武汉光庭信息技术股份有限公司,基于神经网络和PID算法的轨迹跟随方法,开发
武汉斗鱼网络科技有限公司,直播中AR扫描互动方法、存储介质、设备及系统,开发
东风汽车集团有限公司,一种控制不等厚拼焊板冲压变形的拉延造型方法,开发
湖北江汉石油仪器仪表股份有限公司,一种智能型活塞式压力计自动加载结构,开发
中车长江车辆有限公司,一种底架组成、车体及漏斗车,开发
中车长江车辆有限公司,基于承载鞍定位检测的防脱轨转向架及脱轨检测方法,开发
三环集团有限公司,一种盘式制动器制动力传递机构,开发
武汉市尚佳盛汽车配件有限公司,一种便于更换模具的冲床,开发
武汉斗鱼网络科技有限公司,一种安全加载Flash文件的方法及装置,开发
三环集团有限公司,一种碳氮共渗后的高碳铬长寿命轴承零件的检测方法,开发
武汉海达数云技术有限公司,一种激光扫描仪反射面参数的标定方法,开发
中车长江车辆有限公司,薄壁框型铸钢件防裂筋结构,开发
武汉华工正源光子技术有限公司,一种单片集成器件的制作方法及单片集成器件,开发
武汉钢铁江北集团冷弯型钢有限公司,P形钢管的成型方法,开发
武汉斗鱼网络科技有限公司,一种关注异常的检测方法、装置、设备和存储介质,开发
东风汽车集团有限公司,复合外形板料排样确定方法及其结构和冲压制造方法,开发
武汉合康动力技术有限公司,一种带自锁装置的滚珠丝杠式电控离合器执行机构,开发
中车长江车辆有限公司,一种导向装置、锥筒滚圆机及锥筒卷制方法,开发
武汉协和齿环有限公司,一种齿型夹具的检测工装,开发
神龙汽车有限公司,一种移动工装定位锁紧装置,开发
武汉华大鄂电电气设备有限公司,一种用于输电线包裹绝缘层的机器人,开发
武汉协和齿环有限公司,复合夹具及其制备方法,开发
中铁工程机械研究设计院有限公司,一种基于水位变化的电缆自动收放装置及方法,开发
武汉华中数控股份有限公司,伺服驱动电源模块及其工作方法,开发
东风汽车集团有限公司,一种电子节气门特征点位置自学习控制方法,开发
湖北三环汽车工程塑料有限公司,一种带承载风管的地毯总成及地毯下风管生产方法,开发
湖北三环成套工业有限公司,一种过载自毁齿轮,开发
武汉华科道普轨道交通信息技术有限公司,基于位置与任务的轨道交通安全施工信息服务推送系统,开发
中建三局安装工程有限公司,一种弧形管道加工装置,开发
武汉光庭信息技术股份有限公司,一种ADAS传感器数据的分类处理方法和装置,开发
武汉合康亿盛电气连接系统有限公司,一种基于空心线包的电抗器及其制造方法,开发
武汉协和齿环有限公司,同步器齿环装夹到位报警装置及车加工设备,开发
中车长江车辆有限公司,一种内置式装卸装置以及铁路冷藏车,开发
中车长江车辆有限公司,一种转臂式轴箱预压组装装置及方法,开发
中车长江车辆有限公司,一种漏斗车底门自锁装置及漏斗车底门,开发
武汉斗鱼网络科技有限公司,相似度确定方法、装置及电子设备,开发
中交第二航务工程局有限公司,采用三重管旋喷桩处置上软下硬地层的施工方法,开发
武汉斗鱼网络科技有限公司,一种基于用户页面行为的白名单生成系统及方法,开发
湖北机电院装备制造有限责任公司,一种电池堆栈设备,开发
中铁十一局集团有限公司,一种轨排扣件安装工具,开发
武汉艾德科技开发有限公司,一种数显双头切割锯,开发
东风汽车集团有限公司,行星减速换挡机构及汽车,开发
武汉斗鱼网络科技有限公司,一种程序崩溃分析方法及系统,开发
湖北雷迪特冷却系统股份有限公司,一种具有快速咬合结构的高强度散热器主片,开发
中车长江车辆有限公司,漏斗车的端墙结构及使用端墙结构的漏斗车,开发
武汉市尚佳盛汽车配件有限公司,座椅座板冲压工艺及其专用冲压模具,开发
中铁十一局集团有限公司,一种隧道救援顶管机及其施工方法,开发
中车长江车辆有限公司,一种漏斗车,开发
中交第二航务工程局有限公司,地基承载力及侧摩阻力测量装置及其使用方法,开发
武汉重型机床集团有限公司,一种提高镗孔加工同轴度的静压油膜补偿方法,开发
中车长江车辆有限公司,车厢的多段圆弧侧墙的制作装置和方法,开发
中车长江车辆有限公司,用于漏斗车的漏斗脊支撑结构,开发
武汉佳特轿车零部件有限公司,电动尾门控制系统,开发
武汉盛硕电子有限公司,一种电子手油门,开发
武汉斗鱼网络科技有限公司,一种测试漏洞的方法及装置,开发
武汉地和智能有限公司,多节臂架的姿态检测系统和方法,开发
武汉盛硕电子有限公司,基于短距离无线通信的非公路车辆管理系统,开发
武汉斗鱼网络科技有限公司,标题栏设置方法和装置,开发
武汉斗鱼网络科技有限公司,一种路径检测方法、电子设备及可读存储介质,开发
易瓦特科技股份公司,用于进行多角度信息采集的吊舱,开发
武汉客车制造股份有限公司,一种用于洗消车不锈钢内饰的安装工艺,开发
武汉华工激光工程有限责任公司,一种脆性材料打孔方法,开发
武汉凡谷电子技术股份有限公司,一种模块化快换电磁夹具及其操作方法,开发
武汉华工激光工程有限责任公司,一种对金属薄板进行纳秒激光焊接的方法和系统,开发
东风汽车集团有限公司,一种汽车行李箱验证装置、系统及方法,开发
武汉盛帆电子股份有限公司,一种基于物联网的安全系数高的智能型电力仪表,开发
中车长江车辆有限公司,一种新型筒体组对装置及其装配方法,开发
法雷奥照明湖北技术中心有限公司,投射式照明和/或信号指示设备,开发
武汉克莱美特环境设备有限公司,一种定量间断加尘装置,开发
东风汽车集团有限公司,一种基于集成式RGV的料车下线装置和可自动下线料车的汽车内饰大滑板线,开发
东风汽车集团有限公司,油箱加油盖启闭安全保护控制方法,开发
神龙汽车有限公司,防水整车可翻转平台,开发
武汉电动汽车技术开发有限公司,一种电动汽车智能充电方法及其充电系统,开发
武汉斗鱼网络科技有限公司,数据获取方法及装置,开发
东风汽车有限公司,压头、衬套压装装置及压装方法,开发
武汉泛洲中越合金有限公司,一种轴瓦剖分工装夹具,开发
武汉华工正源光子技术有限公司,电吸收调制器和侧向耦合光栅激光器单片集成方法及装置,开发
中车长江车辆有限公司,可实现整体装配的端墙结构,开发
武汉英泰斯特电子技术有限公司,实现低功耗的车辆远程控制系统及该系统的控制方法,开发
南斗六星系统集成有限公司,一种多媒体文件拼接音视频唇音同步的方法,开发
中车长江车辆有限公司,一种轴承轴向游隙测量方法,开发
法雷奥照明湖北技术中心有限公司,动态信号灯及设置有该动态信号灯的机动车辆,开发
武汉洛特福动力技术有限公司,内燃机尾气净化后处理系统的先导加热装置与方法,开发
东风汽车有限公司,顶盖焊装夹具通用底板,开发
武汉富国发动机科技有限公司,新型的节能内燃机,开发
武汉卡特激光工程有限责任公司,一种矩形管板激光切割机通透式手动夹紧支撑架,开发
法雷奥照明湖北技术中心有限公司,用于发光二极管的温度自适应控制电路及照明和/或信号指示装置,开发
中车长江车辆有限公司,一种联动式底门开闭机构及漏斗车,开发
武汉斗鱼网络科技有限公司,用户界面单元测试方法、装置、可读存储介质及设备,开发
东风汽车集团有限公司,快速对中方向盘轴心的辅助工具及方法,开发
东风汽车集团有限公司,一种增压发动机的集成式油气分离结构,开发
武汉乐庭软件技术有限公司,一种基于时间同步的多传感器数据感知方法与系统,开发
武汉磐电科技股份有限公司,500kV标准电压互感器,开发
武汉鑫恒通车桥制造有限公司,叉车转向桥油缸加工工装,开发
神龙汽车有限公司,纳米前处理与免中涂水性漆配套轿车车身涂装方法,开发
武汉德恒汽车装备有限公司,一种无动力的夹具压紧机构,开发
东风富士汤姆森调温器有限公司,一种通过冷却介质控制变速箱油温度的调温系统,开发
武汉华工正源光子技术有限公司,基于光学基座的单纤双向器件的封装结构及封装方法,开发
武汉斗鱼网络科技有限公司,基于字符串的公式处理方法及装置,开发
武汉圣翌电动工业车辆有限公司,一种牵引车辆的牵引钩装置,开发
武汉华中数控股份有限公司,一种自动上下料玻璃磨边机的控制方法及装置,开发
武汉元丰汽车零部件有限公司,气压盘式制动器的装配方法,开发
武汉中骏汽车部件有限责任公司,一种压路机变速器,开发
武汉武新电气科技股份有限公司,大功率光伏逆变器的光伏方阵对地绝缘阻抗在线检测系统,开发
武汉泛洲中越合金有限公司,水平连铸铸造装置,开发
格源动力有限公司,同轴电机变矩差速器总成,开发
武汉斗鱼网络科技有限公司,日志系统控制装置及其控制方法,开发
中交第二航务工程局有限公司,固定式拼装机更换盾尾刷的装置及其施工方法,开发
法雷奥照明湖北技术中心有限公司,用于机动车辆的线带限位装置及线带限位方法,开发
武汉华工正源光子技术有限公司,一种外延生长方法及掩埋异质结构的外延层,开发
武汉斗鱼网络科技有限公司,应用程序签名方法及装置,开发
中车长江车辆有限公司,一种用于控制铁路货车端墙与地板组装间隙的组焊方法,开发
武汉斗鱼网络科技有限公司,恶意用户识别方法及装置,开发
武汉英泰斯特电子技术有限公司,一种纯电动车辆停放状态下监控电池数据的方法和车载终端,开发
武汉地和智能有限公司,一种前后轴驱动电动汽车再生制动过程的控制方法,开发
武汉瑞天波谱信息技术有限公司,一种电磁分布态势图或路径电磁分布图的绘制方法,开发
武汉斗鱼网络科技有限公司,自动化测试时客户端与服务端的数据库同步方法及系统,开发
武汉盛帆电子股份有限公司,稳压装置及保护方法、通信总线电源装置,开发
武汉英康汇通电气有限公司,高续驶里程纯电动物流车结构布置,开发
武汉威克睿特科技有限公司,一种人力对象数据匹配方法及系统,开发
中车长江车辆有限公司,用于漏斗车的端墙加强结构,开发
东风汽车有限公司,一种电动汽车真空泵控制方法及电子设备,开发
武汉瑞松北斗汽车装备有限公司,汽车轮罩特种抓手,开发
武汉格林美城市矿产装备有限公司,多层辊道转向机及其拆解业树形辊道输送系统,开发
武汉华中数控股份有限公司,一种可实现快速抱闸的电路,开发
武汉鸿博鑫科技有限公司,曲轴箱的卧加夹具,开发
东风汽车有限公司,一种泡沫塑料模型烘房,开发
武汉格林美城市矿产装备有限公司,报废汽车的自动清洗方法及其自动清洗装置,开发
东风汽车集团有限公司,一种基于体积膨胀力的管材胀形方法及模具,开发
凌云科技集团有限责任公司,一种组合传动发电机测试系统及输出频率分析试验方法,开发
武汉协志精密科技股份有限公司,一种小孔内锥面精密数控磨床,开发
中石化石油机械股份有限公司三机分公司,变工况往复式天然气压缩机设计方法,开发
东风电动车辆股份有限公司,具有H桥换向功能的串励电机控制器功率模块组结构,开发
武汉华工激光工程有限责任公司,一种利用陶瓷材料密封热喷涂陶瓷涂层孔隙工艺,开发
法雷奥照明湖北技术中心有限公司,用于机动车辆的防震组件、车灯以及机动车辆,开发
武汉华工正源光子技术有限公司,带背光监控的并行多通道传输光组件,开发
武汉合康动力技术有限公司,一种基于AMT自动变速箱起步自适应的控制方法,开发
东风汽车有限公司,座垫骨架组件及汽车后排座椅,开发
武汉东方骏驰精密制造有限公司,新型抗旋转滚轮升降挺柱,开发
武汉联城一家科技发展有限公司,汽车和服务器及其安全控制方法、控制装置及存储介质,开发
中车长江车辆有限公司,一种连杆式二级锁闭装置、漏斗车底门及漏斗车,开发
武汉重型机床集团有限公司,附件铣头主轴定位结构,开发
武汉斗鱼网络科技有限公司,一种基于人脸检测的直播互动特效实现方法及系统,开发
武汉光庭信息技术股份有限公司,一种多源路网的动态融合规划方法及系统,开发
神龙汽车有限公司,具有旋转式托架的杯托结构,开发
东风汽车有限公司,车载控制触摸屏的控制方法及电子控制设备,开发
武汉锆元传感技术有限公司,一种车用汽车尾气传感器外电极保护层及制备方法,开发
武汉哪儿充科技有限公司,路灯充电桩控制系统,开发
武汉华志机器人产业技术研究院有限公司,基于远程控制终端抬升目标车辆的方法、装置及系统,开发
武汉金优特科技有限公司,一种高效率冲压加工装置,开发
东风李尔汽车座椅有限公司,一种汽车座椅冲击试验系统,开发
武汉骏嘉科技有限公司,一种刺破式HDMI连接线,开发
武汉鸿博鑫科技有限公司,易加工的汽车发动机缸体夹具,开发
武汉斗鱼网络科技有限公司,一种文本列表富媒体缩略展示方法及装置,开发
神龙汽车有限公司,一种快速紧固塑料支架,开发
武汉斗鱼网络科技有限公司,一种列表中不同样式内容混搭加载的实现方法及系统,开发
武汉中海庭数据技术有限公司,基于滑动窗二进制比对算法的导航数据增量信息提取方法,开发
武汉华工激光工程有限责任公司,一种多相机矫正和定位方法及玻璃激光切割的装置,开发
际华三五零六纺织服装有限公司,一种除尘风机出风口降噪消音装置,开发
东风汽车集团有限公司,一种发动机试漏孔口端面封堵机构,开发
东风电动车辆股份有限公司,集成控制器电驱动系统,开发
武汉东顺汽车配件有限公司,一种集成式气油水分离干燥装置,开发
武汉元光科技有限公司,确定用户乘坐的公交车辆的方法及装置,开发
易瓦特科技股份公司,基于远程服务器对灰霾源进行示警的方法、装置及系统,开发
武汉兆航精密工业有限公司,T型铣刀的制作方法,开发
东风汽车集团有限公司,一种可变压缩比的发动机机构,开发
武汉斗鱼网络科技有限公司,spark-mllib调用方法、存储介质、电子设备及系统,开发
武汉市六顺标准衡器有限公司,电子汽车衡防撞限位保护装置,开发
中铁十一局集团有限公司,一种磁浮轨排移动门吊,开发
武汉瑞松北斗汽车装备有限公司,一种顶棚自动化生产线的对中台,开发
武汉中海庭数据技术有限公司,基于激光点云的道路边界线交互式自动提取方法,开发
易瓦特科技股份公司,用于固定翼无人机的可调式旋翼动力机身结构,开发
中车长江车辆有限公司,公铁两用车车架,开发
武汉斗鱼网络科技有限公司,一种json格式日志的生成方法及装置,开发
湖北长天通信科技有限公司,一种具有纠偏装置功能的钢铝带分切系统,开发
武汉依迅北斗空间技术有限公司,一种道路清洁车的调度系统和调度方法,开发
武汉智能控制工业技术研究院有限公司,一种客车静载测试用的装置,开发
武汉斗鱼网络科技有限公司,数据显示方法及装置,开发
中国船舶重工集团应急预警与救援装备股份有限公司,一种车载式快速安装救援电梯,开发
中车长江车辆有限公司,公铁两用车,开发
南斗六星系统集成有限公司,一种基于仪表的渐变圆环显示方法、介质、仪表和装置,开发
东风汽车集团有限公司,一种转速传感器固定支架及其安装结构,开发
武汉东海敏实汽车零部件有限公司,汽车密封条丢弃材剥离机,开发
中交第二航务工程局有限公司,基于三维激光扫描的隧道监控方法,开发
东风李尔汽车座椅有限公司,汽车后排座椅的地钩锁解锁机构,开发
神龙汽车有限公司,翼子板功能面厚度快速检测工装及其检测方法,开发
武汉瑞松北斗汽车装备有限公司,用于多车型无源台车的三向无极支撑机构,开发
武汉钢铁江北集团冷弯型钢有限公司,一种高强度厚壁小断面双尖角方管成型方法,开发
武汉华工激光工程有限责任公司,一种用于激光微加工的组合透镜,开发
中铁科工集团有限公司,一种共振破碎机用平行连杆转向机构,开发
武汉市恒通诚汽车零部件有限公司,外星轮加工工装,开发
武汉斗鱼网络科技有限公司,后置位页面引流方法、存储介质、电子设备及系统,开发
武汉凡谷电子技术股份有限公司,一种混合腔及混合模组成的改善谐波的滤波器,开发
武汉联航机电有限公司,一种定位夹爪的加工方法,开发
武汉凯沃森天窗系统有限公司,一种汽车天窗起翘机构,开发
东风富士汤姆森调温器有限公司,缓速器冷却系统,开发
武汉元丰汽车零部件有限公司,带有轴承限位结构的气压盘式制动器压力臂,开发
武汉欣远拓尔科技有限公司,一种智能焊接方法、系统、装置及存储介质,开发
神龙汽车有限公司,一种斜楔式预延伸拉延模,开发
武汉佳特轿车零部件有限公司,用于汽车尾门的电动开闭系统,开发
东风汽车集团有限公司,一种用于曲轴箱通气管的诊断加热装置、通气管、通风系统和汽车,开发
凌云科技集团有限责任公司,组合传动发电机整流二极管的检测设备及检测方法,开发
东风汽车集团有限公司,一种用于车身侧围输送的定位传导装置及其使用方法,开发
武汉元光科技有限公司,一种顺风车搭乘撮合方法及装置,开发
武汉重型机床集团有限公司,多叶片转轮曲面的三轴联动加工方法,开发
武汉理工通宇新源动力有限公司,一种电机驱动液压离合器及汽车,开发
武汉斗鱼网络科技有限公司,IOS系统中长连接网络数据分发及处理方法和系统,开发
东风汽车有限公司,汽车前端吸能块,开发
武汉理工通宇新源动力有限公司,用于混合动力电动汽车自动离合器执行机构及其控制方法,开发
中交第二航务工程局有限公司,一种止水带水密试验方法,开发
武汉斗鱼网络科技有限公司,一种数据渲染方法及数据渲染系统,开发
武汉齐达康能源装备有限公司,一种带有丝网除沫器的气液混输增压装置及方法,开发
中车长江车辆有限公司,基于承载鞍定位的脱轨检测装置及其检测方法,开发
武汉斗鱼网络科技有限公司,房间关闭状态下利用超管实现视频流监控的方法及系统,开发
东风汽车集团有限公司,汽车发动机冷却系统及其控制方法,开发
武汉烽火信息集成技术有限公司,一种基于大数据平台的端到端业务质量优化装置及方法,开发
中车长江车辆有限公司,一种底门装置及铁路漏斗车,开发
中车长江车辆有限公司,一种车辆、车辆控制方法及系统,开发
神龙汽车有限公司,机罩功能面厚度快速检测工装及其检测方法,开发
武汉斗鱼网络科技有限公司,软件程序的校验保护方法及系统,开发
湖北雷迪特冷却系统股份有限公司,一种车用燃料电池热管理系统,开发
湖北吉兴汽车部件有限公司,一种汽车零部件生产所需烘箱,开发
中车长江车辆有限公司,一种双层结构铁路罐车的罐体套装工艺方法,开发
神龙汽车有限公司,一种快速测量回转体零件端面销孔位置度的方法,开发
湖北机电院装备制造有限责任公司,一种高压电池装配设备,开发
易瓦特科技股份公司,一种校准的方法和装置,开发
武汉斗鱼网络科技有限公司,基于Git的Android崩溃日志优化方法及系统,开发
中建三局安装工程有限公司,一种通过式钢管外壁除锈装置及其使用方法,开发
武汉理工通宇新源动力有限公司,一种USB串口智能通信系统及USB串口通信监视方法,开发
中交第二航务工程局有限公司,基于毫米波雷达的隧道变形实时监测方法,开发
易瓦特科技股份公司,旋翼机传动装置,开发
武汉鸿博鑫科技有限公司,汽车夹具用定位机构,开发
武汉磐电科技股份有限公司,一种抗干扰1000kV特高压电压互感器车载校验平台及其校验方法,开发
武汉松芝车用空调有限公司,客车空调一体化健康监测系统及监测方法,开发
武汉高德红外股份有限公司,整体式斯特林制冷机,开发
武汉富国发动机科技有限公司,优化的节能内燃机,开发
武汉英泰斯特电子技术有限公司,一种车辆ECU文件安全刷写方法及系统,开发
武汉联航机电有限公司,卡紧环自动夹紧装置,开发
武汉斗鱼网络科技有限公司,基于时间轮盘和用户行为的活跃用户集维护系统及方法,开发
武汉斗鱼网络科技有限公司,一种视频尺寸自动优化方法及系统,开发
湖北三环智能科技有限公司,一种无人驾驶车辆电控液压制动系统及其控制方法,开发
中交第二航务工程局有限公司,一种模拟箱梁在斜拉索支撑状态的方法,开发
武汉地质资源环境工业技术研究院有限公司,一种型材内置螺母的安装设备及安装方法,开发
武汉斗鱼网络科技有限公司,弹幕信息处理方法和装置,开发
中铁科工集团轨道交通装备有限公司,一种腰型深孔加工方法及制备得到的注浆块,开发
中铁科工集团轨道交通装备有限公司,一种用于双管高压旋喷工艺的钻具,开发
武汉斗鱼网络科技有限公司,基于插桩方式快速屏蔽客户端故障的方法及系统,开发
武汉锐科控制系统有限公司,一种可配置化及可扩展的汽车诊断系统及诊断方法,开发
武汉中原电子集团有限公司,一种激光扫描式散状物料流量检测及分布误差消除方法,开发
武汉华工激光工程有限责任公司,一种调整钢硬度的激光复合处理工艺,开发
中车长江车辆有限公司,一种利用四芯卷圆机的大锥度罐体卷圆成形工艺,开发
武汉斗鱼网络科技有限公司,文件检测方法、装置和系统,开发
中车长江车辆有限公司,油箱内置的保温集装箱,开发
武汉依迅北斗空间技术有限公司,一种工程车辆的冲洗系统及方法,开发
武汉思普崚技术有限公司,一种防火墙的策略配置方法和装置,开发
东风汽车有限公司,一种汽车轮辋自动贴膜机,开发
武汉中海庭数据技术有限公司,一种基于曲率进行形点优化的方法及系统,开发
武汉杜曼智能科技有限公司,电动车辆反向充电弓在线充电装置的定位系统及调整方法,开发
中车长江车辆有限公司,一种底门间隙调整机构及漏斗车,开发
武汉重型机床集团有限公司,一种主轴静压导轨断电保护方法,开发
易瓦特科技股份公司,具有动平衡系统的柔性排气通道,开发
武汉华中数控股份有限公司,一种基于无功功率的感应电机转子磁场相位在线校正方法,开发
东风博泽汽车系统有限公司,一种电机转子铁芯自动预折弯装置及折弯方法,开发
东风汽车集团有限公司,一种汽车试验数据采集设备的固定装置及其固定系统,开发
武汉重型机床集团有限公司,万能分度角铣头中铣头体和旋转体加工方法,开发
武汉英康汇通电气有限公司,一种运用在空气轴承中的弹性支承件及空气轴承,开发
武汉斗鱼网络科技有限公司,一种单选按钮设置、点击响应方法及装置,开发
武汉合康动力技术有限公司,一种基于AMT并联式混合动力车系统的换档方法、装置及车辆,开发
武汉斗鱼网络科技有限公司,异常信息处理方法及装置,开发
武汉斗鱼网络科技有限公司,具备视角切换功能的720度全景播放器的实现方法及系统,开发
中车长江车辆有限公司,一种带内孔的大型高强度冲压件的加工方法,开发
武汉英弗耐斯电子科技有限公司,一种适用于IGBT驱动芯片的过热保护电路,开发
武汉华工激光工程有限责任公司,一种球磨铸铁表面激光修复方法,开发
武汉极目信息技术有限公司,一种汽车转向灯状态检测装置,开发
神龙汽车有限公司,智能化快速车门铰链压装机,开发
武汉瑞松北斗汽车装备有限公司,汽车轮罩柔性自动化焊接生产线及其生产方法,开发
武汉斗鱼网络科技有限公司,一种基于视频剪切与弹幕的匹配方法及装置,开发
武汉斗鱼网络科技有限公司,一种利用协议描述文件自动生成通信代码的方法及系统,开发
武汉天顺汽车零部件有限公司,一种汽车扶手骨架自动连续成型模具,开发
中交第二航务工程局有限公司,基于三维激光扫描仪提取螺栓孔特征数据的方法,开发
武汉华工激光工程有限责任公司,一种光纤激光焊接紫铜厚板的方法,开发
东风汽车集团有限公司,纯电动汽车用可拓展电源快换系统及方法,开发
神龙汽车有限公司,一种实现夜间行车安全监控的摄像头系统及方法,开发
湖北芯擎科技有限公司,调试处理方法、装置与调试处理系统,开发
武汉斑马快跑科技有限公司,顺风车的拼车方法和系统,开发
武汉斗鱼网络科技有限公司,一种方案测试的方法及服务器,开发
武汉中海庭数据技术有限公司,一种交通信息模拟采集方法及装置,开发
中交第二航务工程局有限公司,一种U肋内侧焊缝返修方法,开发
武汉华工激光工程有限责任公司,用于陶瓷激光切割的吸收剂及其制备方法,开发
东风汽车集团有限公司,新能源车动力电池管理系统硬件在环测试平台及测试方法,开发
东风汽车集团有限公司,汽油增压发动机废气再循环系统装置,开发
中车长江车辆有限公司,一种平车车体,开发
中车长江车辆有限公司,一种焊接方法,开发
神龙汽车有限公司,一种保证啮合性能的可开启打紧式背门锁扣及装配方法,开发
武汉思普崚技术有限公司,三维场景中物体的组件信息显示方法及设备,开发
神龙汽车有限公司,一种用于检测车门通过性的锁扣检具,开发
武汉协和齿环有限公司,一种齿环冲切模具和方法,开发
武汉瑞松北斗汽车装备有限公司,一种汽车自动生产线辅助螺钉安装机构,开发
武汉华中数控股份有限公司,一种实现工业控制上位机对下位机进行控制的方法,开发
武汉神骏专用汽车制造股份有限公司,一种半挂车转向装置,开发
武汉中原电子集团有限公司,一种受电弓充电控制装置及控制方法,开发
中车长江车辆有限公司,一种轴承轴向游隙测量装置,开发
中车长江车辆有限公司,一种适用集装箱吊具试验检测装置及方法,开发
武汉合康动力技术有限公司,一种基于AMT变速箱提高起步平顺性的控制方法,开发
武汉英康汇通电气有限公司,一种混合储能系统电动车的电量控制装置以及控制方法,开发
武汉华工激光工程有限责任公司,一种多头激光无序毛化轧辊表面的加工方法和加工设备,开发
湖北机电院装备制造有限责任公司,一种汽车后桥减震弹簧自动压装设备,开发
武汉华工激光工程有限责任公司,一种动力电池外壳的激光焊接方法,开发
中铁工程机械研究设计院有限公司,一种模块化门式多功能凿岩台车用作业平台及方法,开发
武汉斗鱼网络科技有限公司,一种基于GPU的视频渲染方法和系统,开发
武汉斗鱼网络科技有限公司,一种GPU任务完成状态的判断方法及装置,开发
中车长江车辆有限公司,一种货物装载器件的运输车,开发
武汉斗鱼网络科技有限公司,图像采集过程中实现自适应屏幕旋转的方法及系统,开发
武汉斗鱼网络科技有限公司,基于弹幕顺序的弹幕分发方法、装置、设备和存储介质,开发
东风汽车集团有限公司,直线电机式电磁主动悬架的能量输出控制方法,开发
东风汽车集团有限公司,一种用于汽车侧围整形的压料机构,开发
武汉斗鱼网络科技有限公司,消息处理方法、装置及可读存储介质,开发
中交第二航务工程局有限公司,超小始发井盾构分体始发施工方法,开发
武汉佳特轿车零部件有限公司,一种用于汽车尾门的电动开闭系统,开发
中车长江车辆有限公司,一种贴严装置及侧顶件,开发
东风汽车集团有限公司,一种发动机进气电子泄压阀的失效监测系统及方法,开发
中交第二航务工程局有限公司,立式预制装配式箱涵辅助翻身装置,开发
东风汽车集团有限公司,一种可变压缩比发动机的缸体缸盖与顶盖组件,开发
武汉斗鱼网络科技有限公司,iOS中加载GIF动画的方法及装置,开发
武汉斗鱼网络科技有限公司,一种第三方多媒体的推广方法及装置,开发
中车长江车辆有限公司,用于漏斗车的内置式上侧梁与隔板和侧墙的连接结构,开发
湖北九州云仓科技发展有限公司,一种用于穿梭车的提升机,开发
武汉华中数控股份有限公司,一种双端面端盖的一次装夹加工方法,开发
武汉斑马快跑科技有限公司,基于增强现实体感技术的快速约车方法及系统,开发
武汉里得电力科技股份有限公司,自动动态监测数字式接输电线,开发
东风电动车辆股份有限公司,汽车发动机ECU软件自动灌装方法,开发
中车长江车辆有限公司,一种漏斗车,开发
武汉锆元传感技术有限公司,氧化锆基电化学NOx传感器芯片狭缝的填充浆料及制作方法,开发
武汉宏升鑫汽车部件有限公司,一种单点压力机,开发
武汉中人瑞众汽车零部件产业有限公司,一种汽车零部件检验装置,开发
武汉邦维文化发展有限公司,一种裁剪刀具、纸质拼图的生产工艺和纸质拼图,开发
武汉斑马快跑科技有限公司,近距离蓝牙热点定位的快速约车方法及系统,开发
武汉海达数云技术有限公司,激光测距中回波信号接收装置,开发
山推楚天工程机械有限公司,一种新型输送缸活塞限位机构,开发
武汉协和齿环有限公司,同步器齿环夹具、车加工卡盘装置及车加工设备,开发
东风马勒热系统有限公司,一种汽车空调总成,开发
中铁科工集团有限公司,深孔加工方法及制备得到的注浆块,开发
武汉鑫美龙新能源汽车服务有限公司,具有冷凝器功能的可控散热储水箱和热泵空气能系统及控制方法,开发
武汉华工激光工程有限责任公司,一种长极细同轴线剥线装置和方法,开发
武汉斗鱼网络科技有限公司,直播间内容标签提取方法、存储介质、电子设备及系统,开发
武汉瑞松北斗汽车装备有限公司,一种汽车板件间接柔性焊接平台,开发
武汉德恒汽车装备有限公司,一种联动压紧机构,开发
东风汽车集团有限公司,双轴多滚轮摇臂式可变气门升程机构,开发
东风汽车集团有限公司,智能嵌入式低温冷起动控制系统,开发
东风汽车集团有限公司,一种可改善发动机冷起动性能的气缸盖水套结构及发动机冷却系统,开发
武汉中海庭数据技术有限公司,基于路口模型的自动行驶方法及装置,开发
易瓦特科技股份公司,应用于激光测距的推力组件,开发
武汉神骏专用汽车制造股份有限公司,增大连接凹台承载量的组合式液压半挂车,开发
武汉克诺德智能科技有限公司,一种基于中轴线的航空叶片型面特征参数提取方法,开发
易瓦特科技股份公司,无人机发动机散热机构,开发
东风汽车集团有限公司,一种轻量化的汽车后侧围加强板总成及后侧围加强结构,开发
武汉英康汇通电气有限公司,一种增程式电动车的双电压储能系统,开发
武汉斗鱼网络科技有限公司,一种应用中的组件检测方法和装置,开发
武汉华中数控股份有限公司,DC/DC双向逆变电路及其控制方法,开发
中车长江车辆有限公司,一种锁钩式漏斗车底门二级锁闭装置及漏斗车,开发
武汉依迅北斗空间技术有限公司,一种工程车辆的清洗系统和方法,开发
武汉斗鱼网络科技有限公司,一种信息搜索中关键词淘汰方法及装置,开发
东风汽车集团有限公司,一种集成中央充放气的电动轮毂,开发
湖北微驾技术有限公司,一种基于人头计数的驾驶培训管理方法,开发
武汉元光科技有限公司,确定车辆运营线路的方法和装置,开发
中车长江车辆有限公司,底门开闭机构,开发
东风汽车集团有限公司,一种高精度磨床双联涨紧自定心机构夹具及其磨床,开发
武汉元光科技有限公司,公交站点位置获取方法及装置,开发
武汉华工激光工程有限责任公司,IMD成型塑胶的激光打孔方法以及激光打孔装置,开发
武汉海达数云技术有限公司,基于角度和强度的车载激光点云噪点自动去除方法,开发
武汉斗鱼网络科技有限公司,一种获取应用卡顿信息的方法及装置,开发
中车长江车辆有限公司,带手制动装置的单元制动缸,开发
东风汽车集团有限公司,动力总成抗扭悬置结构,开发
武汉海达数云技术有限公司,一种基于控制点的移动测量系统POS精度改善方法,开发
东风汽车集团有限公司,一种重力感应式的三通单向阀,开发
武汉斗鱼网络科技有限公司,一种弹幕移动速度获取方法及装置,开发
武汉盛帆电子股份有限公司,过压保护电路、方法及电子设备,开发
湖北兆元科技有限公司,光器件波峰焊接夹具及其焊接方法,开发
中车长江车辆有限公司,一种环缝清根装置、清根机构及清根方法,开发
武汉斗鱼网络科技有限公司,一种焦点越界搜索方法及装置,开发
中车长江车辆有限公司,用于漏斗车的侧墙、漏斗脊与中梁的连接结构,开发
中车长江车辆有限公司,一种曲面盖板的组焊装置及方法,开发
东风汽车集团有限公司,一种车载手机固定及监测装置,开发
易瓦特科技股份公司,无人机发动机散热机构,开发
中交第二航务工程局有限公司,一种大跨度、超高扭曲体匹配箱梁预制钢模板系统,开发
武汉依迅北斗空间技术有限公司,一种渣土车的路径选择系统和路径选择方法,开发
武汉钢铁江北集团冷弯型钢有限公司,Z形冷弯型钢的滚弯成型方法,开发
东风汽车有限公司,吸能盒,开发
武汉盛帆电子股份有限公司,一种电子元件用电路板切割装置,开发
东风汽车集团有限公司,一种滑移止位结构,开发
中交第二航务工程局有限公司,预制检修道安装方法,开发
武汉东测科技有限责任公司,一种车用催化转化器试验热空气供给装置及方法,开发
武汉华中数控股份有限公司,一种电机加工性能指标的监测系统及方法,开发
神龙汽车有限公司,一种举升弹簧外置式汽车发动机盖主锁,开发
中车长江车辆有限公司,用于漏斗车的端墙强化结构,开发
东风李尔汽车座椅有限公司,一种汽车座椅的滑轨锁定解锁装置,开发
武汉斑马快跑科技有限公司,一种参数校验方法及装置,开发
武汉磐电科技股份有限公司,特高压电压互感器分离式校验平台及其安装校验方法,开发
武汉洛特福动力技术有限公司,大流量多柱塞永磁计量泵,开发
东风汽车集团有限公司,一种坡度自适应柴油发动机供油系统,开发
东风汽车集团有限公司,一种限扭减震器,开发
武汉斗鱼网络科技有限公司,分布式数据同步路由选择方法、存储介质、设备及系统,开发
武汉斗鱼网络科技有限公司,Shader文件的加密方法、装置及解密方法、装置,开发
神龙汽车有限公司,一种实现百分表测量间隙面差的检具结构及测量方法,开发
东风汽车有限公司,一种用于汽车排气管的隔热铝板,开发
武汉中原电子集团有限公司,一种反激式电源的限压限流控制装置,开发
武汉凡谷电子技术股份有限公司,一种防开裂的介质谐振器及其制造方法,开发
三川德青科技有限公司,一种集疏通吸污及污水循环利用一体化环卫车辆,开发
东风汽车集团有限公司,压差模拟装置和连接结构,开发
东风汽车集团有限公司,一种自动识别小型障碍物并制动的驾驶辅助系统及控制方法,开发
东风李尔汽车座椅有限公司,具有调角功能的座椅腿托,开发
武汉海达数云技术有限公司,一种激光测距仪校正方法,开发
东风汽车集团有限公司,一种选档防错系统及方法,开发
武汉联航机电有限公司,用于传动轴喷粉粘合度测试的刻划装置,开发
武汉斗鱼网络科技有限公司,一种防盗播视频播放器与服务器及系统,开发
易瓦特科技股份公司,金手指的固定连接装置,开发
武汉斗鱼网络科技有限公司,一种相似度度量方法、装置、设备及存储介质,开发
武汉斗鱼网络科技有限公司,目标应用程序的宿主环境识别方法、装置、介质及设备,开发
武汉昌世筑养路设备有限公司,免加温沥青出油阀,开发
